{
  "components": [
    {
      "components": [
        {
          "components": [
            {
              "class": "col-md-12",
              "components": [
                {
                  "components": [
                    {
                      "components": [
                        {
                          "class": "col-md-3",
                          "components": [
                            {
                              "component": "id_order",
                              "name": "id_orderLabel",
                              "style": {
                                "width": "100%"
                              },
                              "text": "ID Pedido",
                              "type": "label"
                            }
                          ],
                          "type": "col"
                        },
                        {
                          "class": "col-md-9",
                          "components": [
                            {
                              "name": "id_order",
                              "style": {
                                "display": "block",
                                "width": "100%"
                              },
                              "type": "numeric",
                              "value": "${order.id_order}",
                              "valueType": "int"
                            },
                            {
                              "component": "id_order",
                              "name": "id_orderRequiredValidator",
                              "style": {
                                "position": "absolute"
                              },
                              "text": "id_order is required",
                              "type": "required-validator"
                            }
                          ],
                          "type": "col"
                        }
                      ],
                      "style": {
                        "marginBottom": "1rem"
                      },
                      "type": "row"
                    },
                    {
                      "components": [
                        {
                          "class": "col-md-3",
                          "components": [
                            {
                              "component": "id_bar",
                              "name": "id_barLabel",
                              "style": {
                                "width": "100%"
                              },
                              "text": "Bar",
                              "type": "label"
                            }
                          ],
                          "type": "col"
                        },
                        {
                          "class": "col-md-9",
                          "components": [
                            {
                              "data": "${getBarsResult}",
                              "name": "id_bar",
                              "placeholder": "Choose Bar",
                              "style": {
                                "display": "block",
                                "width": "100%"
                              },
                              "textProperty": "address",
                              "type": "dropdown",
                              "value": "${order.id_bar}",
                              "valueProperty": "id_bar",
                              "valueType": "int"
                            },
                            {
                              "component": "id_bar",
                              "defaultValue": "0",
                              "name": "id_barRequiredValidator",
                              "style": {
                                "position": "absolute"
                              },
                              "text": "id_bar is required",
                              "type": "required-validator"
                            }
                          ],
                          "type": "col"
                        }
                      ],
                      "style": {
                        "marginBottom": "1rem"
                      },
                      "type": "row"
                    },
                    {
                      "components": [
                        {
                          "class": "col-md-3",
                          "components": [
                            {
                              "component": "id_num",
                              "name": "id_numLabel",
                              "style": {
                                "width": "100%"
                              },
                              "text": "Empregado",
                              "type": "label"
                            }
                          ],
                          "type": "col"
                        },
                        {
                          "class": "col-md-9",
                          "components": [
                            {
                              "data": "${getEmployeesResult}",
                              "name": "id_num",
                              "placeholder": "Choose Employee",
                              "style": {
                                "display": "block",
                                "width": "100%"
                              },
                              "textProperty": "name",
                              "type": "dropdown",
                              "value": "${order.id_num}",
                              "valueProperty": "id_num",
                              "valueType": "int"
                            },
                            {
                              "component": "id_num",
                              "defaultValue": "0",
                              "name": "id_numRequiredValidator",
                              "style": {
                                "position": "absolute"
                              },
                              "text": "id_num is required",
                              "type": "required-validator"
                            }
                          ],
                          "type": "col"
                        }
                      ],
                      "style": {
                        "marginBottom": "1rem"
                      },
                      "type": "row"
                    },
                    {
                      "components": [
                        {
                          "class": "col-md-3",
                          "components": [
                            {
                              "component": "table_number",
                              "name": "table_numberLabel",
                              "style": {
                                "width": "100%"
                              },
                              "text": "Mesa",
                              "type": "label"
                            }
                          ],
                          "type": "col"
                        },
                        {
                          "class": "col-md-9",
                          "components": [
                            {
                              "name": "table_number",
                              "style": {
                                "display": "block",
                                "width": "100%"
                              },
                              "type": "numeric",
                              "value": "${order.table_number}",
                              "valueType": "int"
                            },
                            {
                              "component": "table_number",
                              "name": "table_numberRequiredValidator",
                              "style": {
                                "position": "absolute"
                              },
                              "text": "table_number is required",
                              "type": "required-validator"
                            }
                          ],
                          "type": "col"
                        }
                      ],
                      "style": {
                        "marginBottom": "1rem"
                      },
                      "type": "row"
                    },
                    {
                      "components": [
                        {
                          "class": "col-md-3",
                          "components": [
                            {
                              "component": "total_price",
                              "name": "total_priceLabel",
                              "style": {
                                "width": "100%"
                              },
                              "text": "Preço Total",
                              "type": "label"
                            }
                          ],
                          "type": "col"
                        },
                        {
                          "class": "col-md-9",
                          "components": [
                            {
                              "name": "total_price",
                              "style": {
                                "display": "block",
                                "width": "100%"
                              },
                              "type": "numeric",
                              "value": "${order.total_price}",
                              "valueType": "double"
                            },
                            {
                              "component": "total_price",
                              "name": "total_priceRequiredValidator",
                              "style": {
                                "position": "absolute"
                              },
                              "text": "total_price is required",
                              "type": "required-validator"
                            }
                          ],
                          "type": "col"
                        }
                      ],
                      "style": {
                        "marginBottom": "1rem"
                      },
                      "type": "row"
                    },
                    {
                      "components": [
                        {
                          "class": "col-md-3",
                          "components": [
                            {
                              "component": "order_status",
                              "name": "order_statusLabel",
                              "style": {
                                "width": "100%"
                              },
                              "text": "Estado do Pedido",
                              "type": "label"
                            }
                          ],
                          "type": "col"
                        },
                        {
                          "class": "col-md-9",
                          "components": [
                            {
                              "maxLength": 30,
                              "name": "order_status",
                              "style": {
                                "display": "block",
                                "width": "100%"
                              },
                              "type": "textbox",
                              "value": "${order.order_status}",
                              "valueType": "string"
                            },
                            {
                              "component": "order_status",
                              "name": "order_statusRequiredValidator",
                              "style": {
                                "position": "absolute"
                              },
                              "text": "order_status is required",
                              "type": "required-validator"
                            }
                          ],
                          "type": "col"
                        }
                      ],
                      "style": {
                        "marginBottom": "1rem"
                      },
                      "type": "row"
                    },
                    {
                      "components": [
                        {
                          "class": "col offset-sm-3",
                          "components": [
                            {
                              "buttonStyle": "primary",
                              "buttonType": "submit",
                              "icon": "save",
                              "text": "Guardar",
                              "type": "button",
                              "visible": false
                            },
                            {
                              "buttonStyle": "light",
                              "events": {
                                "click": [
                                  {
                                    "type": "close-popup"
                                  }
                                ]
                              },
                              "style": {
                                "marginLeft": "1rem"
                              },
                              "text": "Cancelar",
                              "type": "button"
                            }
                          ],
                          "type": "col"
                        }
                      ],
                      "type": "row"
                    }
                  ],
                  "data": "${order}",
                  "events": {
                    "submit": [
                      {
                        "error": [
                          {
                            "detail": "Unable to create new Order!",
                            "severity": "error",
                            "summary": "Error",
                            "type": "notify"
                          }
                        ],
                        "name": "sql_project_final.createOrder",
                        "parameters": [
                          {
                            "name": "Order",
                            "value": "${order}"
                          }
                        ],
                        "then": [
                          {
                            "result": "${order}",
                            "type": "close-popup"
                          }
                        ],
                        "type": "invoke"
                      }
                    ]
                  },
                  "itemType": "Caixa.Models.SqlProjectFinal.Order",
                  "name": "form0",
                  "type": "template-form",
                  "visible": "${order != null}"
                }
              ],
              "type": "col"
            }
          ],
          "type": "row"
        }
      ],
      "container": "main",
      "type": "content"
    }
  ],
  "events": {
    "load": [
      {
        "name": "sql_project_final.getBars",
        "parameters": [],
        "then": [
          {
            "name": "getBarsResult",
            "type": "set",
            "value": "${result.Value.AsODataEnumerable()}",
            "valueType": "IEnumerable<Caixa.Models.SqlProjectFinal.Bar>"
          }
        ],
        "type": "invoke"
      },
      {
        "name": "sql_project_final.getEmployees",
        "parameters": [],
        "then": [
          {
            "name": "getEmployeesResult",
            "type": "set",
            "value": "${result.Value.AsODataEnumerable()}",
            "valueType": "IEnumerable<Caixa.Models.SqlProjectFinal.Employee>"
          }
        ],
        "type": "invoke"
      },
      {
        "name": "order",
        "type": "set",
        "value": "new Caixa.Models.SqlProjectFinal.Order(){}",
        "valueType": "Caixa.Models.SqlProjectFinal.Order"
      }
    ]
  },
  "layout": "Main",
  "name": "Add Order"
}