{
  "access": "Everybody",
  "components": [
    {
      "components": [
        {
          "name": "pageTitle",
          "size": "H1",
          "text": "Bem Vindo! ",
          "type": "heading"
        },
        {
          "name": "heading0",
          "size": "H3",
          "text": "Introduza os seus dados:",
          "type": "heading"
        },
        {
          "allowRegister": false,
          "allowResetPassword": false,
          "events": {
            "login": [
              {
                "path": "products-in-bar",
                "type": "navigate"
              }
            ]
          },
          "name": "login0",
          "passwordRequired": "Introduza a sua Password",
          "type": "login",
          "userRequired": "Introduza o seu UserID",
          "userText": "UserID"
        }
      ],
      "container": "main",
      "type": "content"
    }
  ],
  "layout": "Login",
  "name": "Login "
}