{
  "components": [
    {
      "components": [
        {
          "name": "pageTitle",
          "size": "H1",
          "text": "Produtos no Bar",
          "type": "heading"
        },
        {
          "components": [
            {
              "class": "col-md-12",
              "components": [
                {
                  "allowFiltering": true,
                  "allowPaging": true,
                  "allowSorting": true,
                  "columns": [
                    {
                      "filterProperty": "Bar.address",
                      "groupProperty": "Bar.address",
                      "property": "id_bar",
                      "sortProperty": "Bar.address",
                      "template": "${data.Bar?.address}",
                      "title": "Bar"
                    },
                    {
                      "filterProperty": "Product.name",
                      "groupProperty": "Product.name",
                      "property": "id_product",
                      "sortProperty": "Product.name",
                      "template": "${data.Product?.name}",
                      "title": "Produto"
                    },
                    {
                      "property": "quantity",
                      "title": "Quantidade"
                    },
                    {
                      "property": "minimum_quantity",
                      "title": "Quantidade Mínima"
                    }
                  ],
                  "count": "${getProductsInBarsCount}",
                  "data": "${getProductsInBarsResult}",
                  "events": {
                    "loadData": [
                      {
                        "error": [
                          {
                            "detail": "Unable to load ProductsInBars",
                            "severity": "error",
                            "summary": "Error",
                            "type": "notify"
                          }
                        ],
                        "name": "sql_project_final.getProductsInBars",
                        "parameters": [
                          {
                            "name": "$top",
                            "value": "event.top"
                          },
                          {
                            "name": "$skip",
                            "value": "event.skip"
                          },
                          {
                            "name": "$count",
                            "value": "event.top != null && event.skip != null"
                          },
                          {
                            "name": "$filter",
                            "value": "${event.filter}"
                          },
                          {
                            "name": "$orderby",
                            "value": "${event.orderby}"
                          },
                          {
                            "name": "$expand",
                            "value": "Product"
                          }
                        ],
                        "then": [
                          {
                            "name": "getProductsInBarsResult",
                            "type": "set",
                            "value": "${result.Value.AsODataEnumerable()}",
                            "valueType": "IEnumerable<Caixa.Models.SqlProjectFinal.ProductsInBar>"
                          },
                          {
                            "name": "getProductsInBarsCount",
                            "type": "set",
                            "value": "${result.Count}",
                            "valueType": "int"
                          }
                        ],
                        "type": "invoke"
                      }
                    ],
                    "rowSelect": [
                      {
                        "parameters": [
                          {
                            "name": "id_product",
                            "value": "${event.id_product}"
                          }
                        ],
                        "path": "edit-products-in-bar",
                        "then": [
                          {
                            "code": "await grid0.Reload();",
                            "type": "execute"
                          },
                          {
                            "code": "await InvokeAsync(() => { StateHasChanged(); });",
                            "type": "execute"
                          }
                        ],
                        "type": "popup"
                      }
                    ]
                  },
                  "filterMode": "advanced",
                  "itemType": "Caixa.Models.SqlProjectFinal.ProductsInBar",
                  "name": "grid0",
                  "title": "",
                  "type": "datagrid"
                }
              ],
              "type": "col"
            }
          ],
          "type": "row"
        }
      ],
      "container": "main",
      "type": "content"
    }
  ],
  "events": {
    "load": []
  },
  "layout": "Main",
  "name": "ProductsInBar"
}