{
  "components": [
    {
      "type": "layout",
      "components": [
        {
          "components": [
            {
              "class": "justify-content-start align-items-center",
              "components": [
                {
                  "class": "col-6 d-flex align-items-center",
                  "components": [
                    {
                      "name": "sidebar-toggle0",
                      "type": "sidebar-toggle",
                      "events": {
                        "click": [
                          {
                            "code": "await InvokeAsync(() => { sidebar0.Toggle(); });",
                            "type": "execute"
                          },
                          {
                            "code": "await InvokeAsync(() => { body0.Toggle(); });",
                            "type": "execute"
                          }
                        ]
                      }
                    },
                    {
                      "name": "label0",
                      "text": "Balcao",
                      "type": "label"
                    }
                  ],
                  "name": "leftCol",
                  "type": "col"
                },
                {
                  "class": "col-6 text-right",
                  "name": "rightCol",
                  "type": "col"
                }
              ],
              "name": "headerRow",
              "type": "row"
            }
          ],
          "name": "header0",
          "type": "header"
        },
        {
          "components": [
            {
              "name": "main",
              "type": "content-container"
            }
          ],
          "name": "body0",
          "type": "body"
        },
        {
          "components": [
            {
              "name": "panelmenu0",
              "style": {
                "height": "100%"
              },
              "type": "panelmenu"
            }
          ],
          "name": "sidebar0",
          "type": "sidebar"
        },
        {
          "components": [
            {
              "name": "footerText",
              "text": "Balcao, Copyright Ⓒ 2022",
              "type": "label"
            }
          ],
          "name": "footer0",
          "type": "footer"
        }
      ]
    }
  ],
  "name": "Main"
}